parameter,avoided_low,avoided_high,captured_low,captured_high,lcoe_incr_low,lcoe_incr_high,swing
Capex location factor (0.35 / 0.70),5047.322314452024,6865.844292132873,3072.6132507800867,4356.292863647252,4.036782993680882,5.491213310547613,1818.521977680849
Plant load factor (0.65 / 0.90),6419.712475756501,5156.286618874041,3928.2375385382525,3204.0024510096114,5.134402863920998,4.123931232609391,1263.4258568824598
Coal price (Rs/t: 3500 / 7000),5140.489196051537,6135.447790773242,3138.3789813962344,3840.7120185366653,4.1112966585083335,4.907051651822102,994.9585947217047
WACC (8% / 12%),5152.648281488829,6002.320067439606,3206.7680596415676,3683.876083486494,4.121021337507222,4.800577823510818,849.6717859507771
MEA price (Rs/kg: 100 / 250),5460.651432791489,5779.397201499536,3364.37885445642,3589.3788544564195,4.367358267411348,4.622287003534291,318.74576870804685
Lean loading (0.20 / 0.28),5509.1617538866385,5826.4907350051535,3425.8299719089355,3498.547822408433,4.4093599286136165,4.644778801694466,317.328981118515
Turbine efficiency (0.80 / 0.90),5418.687585523844,5719.292311873481,3404.3040625581007,3474.453646354739,4.341894188997204,4.5654607157777924,300.6047263496366
Capture rate (80% / 95%),5687.892523477931,5513.81681195648,3511.330099672923,3407.439590465686,3.8854877626650293,4.750225052437527,174.075711521451
Heat of absorption (kJ/mol: 80 / 90),5483.034164089563,5652.272611108903,3419.650912169639,3459.149209751905,4.389892622521659,4.5157630057099265,169.23844701934013
