parameter,avoided_low,avoided_high,captured_low,captured_high,swing
Capex location factor (0.35 / 0.70),9231.049484691579,12055.20325826707,4647.603528097517,6069.494621166217,2824.153773575492
Boiler fuel (Rs/GJ: 250 / 500),8944.475681493412,11047.311991806093,4503.320754940156,5562.04646874206,2102.8363103126812
Lean loading (0.20 / 0.28),9831.777661715221,11003.747923064428,5022.465404770682,5189.281481378929,1171.9702613492063
Grid power (Rs/kWh: 5 / 9),9508.833052243059,10567.068073468954,4787.460636516312,5320.255615717981,1058.2350212258953
WACC (8% / 12%),9548.936296560427,10551.953505671325,4807.651621310256,5312.645807240794,1003.017209110898
Grid emission factor (t/MWh: 0.60 / 0.85),9729.080937678236,10395.47849349299,5053.858126117147,5053.858126117147,666.397555814754
MEA price (Rs/kg: 100 / 250),9888.985895976328,10335.879896615364,4978.858126117147,5203.858126117146,446.8940006390367
Kiln flue gas CO2 (vol%: 16 / 25),10227.371567031294,9877.49780092725,5125.7300063873045,4991.646738356963,349.87376610404317
Capture rate (80% / 95%),10261.72105583144,9936.608940550306,5158.290658634137,5006.096311286082,325.1121152811338
